{
  "project_info": {
    "project_number": "570817623997",
    "firebase_url": "https://shoeslaundry-126c3.firebaseio.com",
    "project_id": "shoeslaundry-126c3",
    "storage_bucket": "shoeslaundry-126c3.appspot.com"
  },
  "client": [
    {
      "client_info": {
        "mobilesdk_app_id": "1:570817623997:android:cb13854c3ef275efba04d4",
        "android_client_info": {
          "package_name": "com.shoes.shoeslaundry"
        }
      },
      "oauth_client": [
        {
          "client_id": "570817623997-k1cjv3hah78i1aail0bfuf1u01kbh6ff.apps.googleusercontent.com",
          "client_type": 3
        }
      ],
      "api_key": [
        {
          "current_key": "AIzaSyCdqBtyUr8iUCq_fv-koAD9KfpmM2EgnlA"
        }
      ],
      "services": {
        "appinvite_service": {
          "other_platform_oauth_client": [
            {
              "client_id": "570817623997-k1cjv3hah78i1aail0bfuf1u01kbh6ff.apps.googleusercontent.com",
              "client_type": 3
            }
          ]
        }
      }
    }
  ],
  "configuration_version": "1"
}